--------------------------------------------------------
--  File created - Friday-December-01-2017   
--------------------------------------------------------
DROP TABLE "TSONG"."MSI_ORDER" cascade constraints;
--------------------------------------------------------
--  DDL for Table MSI_ORDER
--------------------------------------------------------

  CREATE TABLE "TSONG"."MSI_ORDER" 
   (	"ID" NUMBER, 
	"PURCHASE_DATE" DATE
   ) SEGMENT CREATION IMMEDIATE 
  PCTFREE 10 PCTUSED 40 INITRANS 1 MAXTRANS 255 NOCOMPRESS LOGGING
  STORAGE(INITIAL 65536 NEXT 1048576 MINEXTENTS 1 MAXEXTENTS 2147483645
  PCTINCREASE 0 FREELISTS 1 FREELIST GROUPS 1 BUFFER_POOL DEFAULT FLASH_CACHE DEFAULT CELL_FLASH_CACHE DEFAULT)
  TABLESPACE "SYSTEM" ;
REM INSERTING into TSONG.MSI_ORDER
SET DEFINE OFF;
--------------------------------------------------------
--  DDL for Index MSI_ORDER_PK
--------------------------------------------------------

  CREATE UNIQUE INDEX "TSONG"."MSI_ORDER_PK" ON "TSONG"."MSI_ORDER" ("ID") 
  PCTFREE 10 INITRANS 2 MAXTRANS 255 COMPUTE STATISTICS 
  STORAGE(INITIAL 65536 NEXT 1048576 MINEXTENTS 1 MAXEXTENTS 2147483645
  PCTINCREASE 0 FREELISTS 1 FREELIST GROUPS 1 BUFFER_POOL DEFAULT FLASH_CACHE DEFAULT CELL_FLASH_CACHE DEFAULT)
  TABLESPACE "SYSTEM" ;
--------------------------------------------------------
--  DDL for Trigger MSI_ORDER_TRG
--------------------------------------------------------

  CREATE OR REPLACE TRIGGER "TSONG"."MSI_ORDER_TRG" 
BEFORE INSERT ON MSI_ORDER 
FOR EACH ROW 
BEGIN
  <<COLUMN_SEQUENCES>>
  BEGIN
    IF INSERTING AND :NEW.ID IS NULL THEN
      SELECT MSI_ORDER_SEQ.NEXTVAL INTO :NEW.ID FROM SYS.DUAL;
    END IF;
  END COLUMN_SEQUENCES;
END;


/
ALTER TRIGGER "TSONG"."MSI_ORDER_TRG" ENABLE;
--------------------------------------------------------
--  Constraints for Table MSI_ORDER
--------------------------------------------------------

  ALTER TABLE "TSONG"."MSI_ORDER" ADD CONSTRAINT "MSI_ORDER_PK" PRIMARY KEY ("ID")
  USING INDEX PCTFREE 10 INITRANS 2 MAXTRANS 255 COMPUTE STATISTICS 
  STORAGE(INITIAL 65536 NEXT 1048576 MINEXTENTS 1 MAXEXTENTS 2147483645
  PCTINCREASE 0 FREELISTS 1 FREELIST GROUPS 1 BUFFER_POOL DEFAULT FLASH_CACHE DEFAULT CELL_FLASH_CACHE DEFAULT)
  TABLESPACE "SYSTEM"  ENABLE;
  ALTER TABLE "TSONG"."MSI_ORDER" MODIFY ("PURCHASE_DATE" NOT NULL ENABLE);
  ALTER TABLE "TSONG"."MSI_ORDER" MODIFY ("ID" NOT NULL ENABLE);

  
  --------------------------------------------------------
--  File created - Friday-December-01-2017   
--------------------------------------------------------
DROP TABLE "TSONG"."MSI_PRODUCT" cascade constraints;
--------------------------------------------------------
--  DDL for Table MSI_PRODUCT
--------------------------------------------------------

  CREATE TABLE "TSONG"."MSI_PRODUCT" 
   (	"PRO_ID" NUMBER, 
	"PRO_TITLE" VARCHAR2(255 BYTE), 
	"PRO_BRAND" VARCHAR2(255 BYTE), 
	"PRO_PRICE" NUMBER, 
	"PRO_TOTAL" NUMBER, 
	"PRO_SRC" VARCHAR2(255 BYTE), 
	"PRO_RATING" VARCHAR2(255 BYTE), 
	"PRO_SCORE" NUMBER
   ) SEGMENT CREATION IMMEDIATE 
  PCTFREE 10 PCTUSED 40 INITRANS 1 MAXTRANS 255 NOCOMPRESS LOGGING
  STORAGE(INITIAL 65536 NEXT 1048576 MINEXTENTS 1 MAXEXTENTS 2147483645
  PCTINCREASE 0 FREELISTS 1 FREELIST GROUPS 1 BUFFER_POOL DEFAULT FLASH_CACHE DEFAULT CELL_FLASH_CACHE DEFAULT)
  TABLESPACE "SYSTEM" ;
REM INSERTING into TSONG.MSI_PRODUCT
SET DEFINE OFF;
Insert into TSONG.MSI_PRODUCT (PRO_ID,PRO_TITLE,PRO_BRAND,PRO_PRICE,PRO_TOTAL,PRO_SRC,PRO_RATING,PRO_SCORE) values (3,'Tsukiji Masamoto White Steel 2 Honyaki Yanagi knife 240mm (9.4";)','Tsukiji Masamoto',800,13,'https://cdn6.bigcommerce.com/s-ih7nl5lym4/products/20970/images/37561/90524__05889.1466628412.190.285.jpg?c=2','https://cdn6.bigcommerce.com/r-aac0322435b2c359692a75125d3d27d3de5e69cb/themes/ClassicNext/images/IcoRating3.png',3);
Insert into TSONG.MSI_PRODUCT (PRO_ID,PRO_TITLE,PRO_BRAND,PRO_PRICE,PRO_TOTAL,PRO_SRC,PRO_RATING,PRO_SCORE) values (1,'Tsukiji Masamoto White Steel 1 Yanagi knife 300mm (11.8")  Junkou Honyaki','Tsukiji Masamoto',1200,20,'https://cdn6.bigcommerce.com/s-ih7nl5lym4/products/20967/images/36634/90257__28990.1466628351.190.285.jpg?c=2','https://cdn6.bigcommerce.com/r-aac0322435b2c359692a75125d3d27d3de5e69cb/themes/ClassicNext/images/IcoRating5.png',5);
Insert into TSONG.MSI_PRODUCT (PRO_ID,PRO_TITLE,PRO_BRAND,PRO_PRICE,PRO_TOTAL,PRO_SRC,PRO_RATING,PRO_SCORE) values (2,'Tsukiji Masamoto Honyaki White Steel Yanagi Knife 270mm (10.6")','Tsukiji Masamoto',920,10,'https://cdn6.bigcommerce.com/s-ih7nl5lym4/products/23241/images/42138/93014__18792.1477411376.500.750.jpg?c=2','https://cdn6.bigcommerce.com/r-aac0322435b2c359692a75125d3d27d3de5e69cb/themes/ClassicNext/images/IcoRating4.png',4);
Insert into TSONG.MSI_PRODUCT (PRO_ID,PRO_TITLE,PRO_BRAND,PRO_PRICE,PRO_TOTAL,PRO_SRC,PRO_RATING,PRO_SCORE) values (4,'Nenohi Kaede Mukimono Knife 180mm (7.1")','Nenohi Kaede',420,30,'https://cdn6.bigcommerce.com/s-ih7nl5lym4/products/21486/images/38428/90241__38949.1466628473.190.285.jpg?c=2','https://cdn6.bigcommerce.com/r-aac0322435b2c359692a75125d3d27d3de5e69cb/themes/ClassicNext/images/IcoRating4.png',4);
Insert into TSONG.MSI_PRODUCT (PRO_ID,PRO_TITLE,PRO_BRAND,PRO_PRICE,PRO_TOTAL,PRO_SRC,PRO_RATING,PRO_SCORE) values (5,'Nenox Gyuto Knife 240mm (9.4") Autumn Gold Jigged Bone Handle with Wooden Cover','Nenox Gyuto',440,19,'https://cdn6.bigcommerce.com/s-ih7nl5lym4/products/23271/images/42312/91653__46761.1478818656.500.750.jpg?c=2','https://cdn6.bigcommerce.com/r-aac0322435b2c359692a75125d3d27d3de5e69cb/themes/ClassicNext/images/IcoRating3.png',3);
Insert into TSONG.MSI_PRODUCT (PRO_ID,PRO_TITLE,PRO_BRAND,PRO_PRICE,PRO_TOTAL,PRO_SRC,PRO_RATING,PRO_SCORE) values (6,'Tsukiji Masamoto Stain-Resistant Yanagi Knife 270mm (10.6")','Tsukiji Masamoto',456,24,'https://cdn6.bigcommerce.com/s-ih7nl5lym4/products/23234/images/42100/91759__28994.1477407714.190.285.jpg?c=2','https://cdn6.bigcommerce.com/r-aac0322435b2c359692a75125d3d27d3de5e69cb/themes/ClassicNext/images/IcoRating3.png',3);
Insert into TSONG.MSI_PRODUCT (PRO_ID,PRO_TITLE,PRO_BRAND,PRO_PRICE,PRO_TOTAL,PRO_SRC,PRO_RATING,PRO_SCORE) values (7,'Sakai Takayuki Blue Steel 2 Yanagi Knife 270mm (10.6&quot;) Ebony Handle with Saya','Sakai Takayuki',520,13,'https://cdn6.bigcommerce.com/s-ih7nl5lym4/products/22709/images/37255/96103__77852.1466628390.190.285.jpg?c=2','https://cdn6.bigcommerce.com/r-aac0322435b2c359692a75125d3d27d3de5e69cb/themes/ClassicNext/images/IcoRating3.png',3);
Insert into TSONG.MSI_PRODUCT (PRO_ID,PRO_TITLE,PRO_BRAND,PRO_PRICE,PRO_TOTAL,PRO_SRC,PRO_RATING,PRO_SCORE) values (8,'Global Left Handed Yanagi Knife 250mm (9.8")','Global',199,42,'https://cdn6.bigcommerce.com/s-ih7nl5lym4/products/21015/images/36561/95383__98966.1466628346.190.285.jpg?c=2','https://cdn6.bigcommerce.com/r-aac0322435b2c359692a75125d3d27d3de5e69cb/themes/ClassicNext/images/IcoRating5.png',5);
Insert into TSONG.MSI_PRODUCT (PRO_ID,PRO_TITLE,PRO_BRAND,PRO_PRICE,PRO_TOTAL,PRO_SRC,PRO_RATING,PRO_SCORE) values (9,'Sakai Takayuki Left Handed Inox Yanagi Knife 270mm (10.6")','Sakai Takayuki',345,22,'https://cdn6.bigcommerce.com/s-ih7nl5lym4/products/22049/images/41974/80041__95595.1474311346.190.285.jpg?c=2','https://cdn6.bigcommerce.com/r-aac0322435b2c359692a75125d3d27d3de5e69cb/themes/ClassicNext/images/IcoRating3.png',3);
Insert into TSONG.MSI_PRODUCT (PRO_ID,PRO_TITLE,PRO_BRAND,PRO_PRICE,PRO_TOTAL,PRO_SRC,PRO_RATING,PRO_SCORE) values (10,'Sakai Takayuki Left Handed Inox Yanagi Knife 270mm (10.6")','Sakai Takayuki',210,19,'https://cdn6.bigcommerce.com/s-ih7nl5lym4/products/22049/images/41974/80041__95595.1474311346.190.285.jpg?c=2','https://cdn6.bigcommerce.com/r-aac0322435b2c359692a75125d3d27d3de5e69cb/themes/ClassicNext/images/IcoRating5.png',5);
--------------------------------------------------------
--  DDL for Index MSI_PRODUCT_PK
--------------------------------------------------------

  CREATE UNIQUE INDEX "TSONG"."MSI_PRODUCT_PK" ON "TSONG"."MSI_PRODUCT" ("PRO_ID") 
  PCTFREE 10 INITRANS 2 MAXTRANS 255 COMPUTE STATISTICS 
  STORAGE(INITIAL 65536 NEXT 1048576 MINEXTENTS 1 MAXEXTENTS 2147483645
  PCTINCREASE 0 FREELISTS 1 FREELIST GROUPS 1 BUFFER_POOL DEFAULT FLASH_CACHE DEFAULT CELL_FLASH_CACHE DEFAULT)
  TABLESPACE "SYSTEM" ;
--------------------------------------------------------
--  DDL for Trigger MSI_PRODUCT_TRG
--------------------------------------------------------

  CREATE OR REPLACE TRIGGER "TSONG"."MSI_PRODUCT_TRG" 
BEFORE INSERT ON MSI_PRODUCT 
FOR EACH ROW 
BEGIN
  <<COLUMN_SEQUENCES>>
  BEGIN
    NULL;
  END COLUMN_SEQUENCES;
END;
/
ALTER TRIGGER "TSONG"."MSI_PRODUCT_TRG" ENABLE;
--------------------------------------------------------
--  Constraints for Table MSI_PRODUCT
--------------------------------------------------------

  ALTER TABLE "TSONG"."MSI_PRODUCT" ADD CONSTRAINT "MSI_PRODUCT_PK" PRIMARY KEY ("PRO_ID")
  USING INDEX PCTFREE 10 INITRANS 2 MAXTRANS 255 COMPUTE STATISTICS 
  STORAGE(INITIAL 65536 NEXT 1048576 MINEXTENTS 1 MAXEXTENTS 2147483645
  PCTINCREASE 0 FREELISTS 1 FREELIST GROUPS 1 BUFFER_POOL DEFAULT FLASH_CACHE DEFAULT CELL_FLASH_CACHE DEFAULT)
  TABLESPACE "SYSTEM"  ENABLE;
  ALTER TABLE "TSONG"."MSI_PRODUCT" MODIFY ("PRO_TITLE" NOT NULL ENABLE);
  ALTER TABLE "TSONG"."MSI_PRODUCT" MODIFY ("PRO_ID" NOT NULL ENABLE);

  
  --------------------------------------------------------
--  File created - Friday-December-01-2017   
--------------------------------------------------------
DROP TABLE "TSONG"."MSI_USER" cascade constraints;
--------------------------------------------------------
--  DDL for Table MSI_USER
--------------------------------------------------------

  CREATE TABLE "TSONG"."MSI_USER" 
   (	"USERNAME" VARCHAR2(100 BYTE), 
	"PASSWORD" VARCHAR2(100 BYTE), 
	"ID" NUMBER, 
	"FIRSTNAME" VARCHAR2(40 BYTE), 
	"LASTNAME" VARCHAR2(40 BYTE)
   ) SEGMENT CREATION IMMEDIATE 
  PCTFREE 10 PCTUSED 40 INITRANS 1 MAXTRANS 255 NOCOMPRESS LOGGING
  STORAGE(INITIAL 65536 NEXT 1048576 MINEXTENTS 1 MAXEXTENTS 2147483645
  PCTINCREASE 0 FREELISTS 1 FREELIST GROUPS 1 BUFFER_POOL DEFAULT FLASH_CACHE DEFAULT CELL_FLASH_CACHE DEFAULT)
  TABLESPACE "SYSTEM" ;
REM INSERTING into TSONG.MSI_USER
SET DEFINE OFF;
Insert into TSONG.MSI_USER (USERNAME,PASSWORD,ID,FIRSTNAME,LASTNAME) values ('bob','$2a$11$q1sf5mUd1XwOmn6JQu6Zme0vs.ovSe2wU8TqlCFkcpOs89RUgObXG',1,null,null);
Insert into TSONG.MSI_USER (USERNAME,PASSWORD,ID,FIRSTNAME,LASTNAME) values ('admin','$2a$11$MUm8qXqbWK0F3NqPoZzGme7lsCzuj7gROE5PWpqjwQ/1p7czRx3Ae',2,null,null);
Insert into TSONG.MSI_USER (USERNAME,PASSWORD,ID,FIRSTNAME,LASTNAME) values ('user','$2a$11$GFOqKK8jG3xG0aM4pOHjr.V3pa504tSDUAu6sm6sfFH3vegtEqfcS',3,null,null);
Insert into TSONG.MSI_USER (USERNAME,PASSWORD,ID,FIRSTNAME,LASTNAME) values ('test','$2a$11$uoNJhL.9MrqxN37FZxmnj.SvNzHIE675RPKuAx0R4DQQEy9QBkbG6',10,null,null);
Insert into TSONG.MSI_USER (USERNAME,PASSWORD,ID,FIRSTNAME,LASTNAME) values ('song','$2a$11$qf4XZJKOF8.zXJiuDFMVie8o3KlZGmhvH/5CyEOVpzXq7FduFHHTq',30,null,null);
Insert into TSONG.MSI_USER (USERNAME,PASSWORD,ID,FIRSTNAME,LASTNAME) values ('abc','$2a$11$c6t4jlS6LLGaI1DEiSJbGeFu.DdTqEezV6sI8fE3rsoUJovZaPmRq',50,null,null);
Insert into TSONG.MSI_USER (USERNAME,PASSWORD,ID,FIRSTNAME,LASTNAME) values ('you2642@gmail.com','$2a$11$B0NEGc1f2URGOo769rc/Q.ADboFboyfVaYBoURRqkyt3VvJNLbOoW',90,'teng','song');
Insert into TSONG.MSI_USER (USERNAME,PASSWORD,ID,FIRSTNAME,LASTNAME) values ('aaa','$2a$11$NOl/p6pJm16hp3/vNW31OOwZhNTg0uM4YdyxszuPZ3hr8T80kCq86',71,null,null);
Insert into TSONG.MSI_USER (USERNAME,PASSWORD,ID,FIRSTNAME,LASTNAME) values ('1','$2a$11$SaI0JIm7HTvHvUTVBqREaeewOimF1xQCsiVqQ062ptxx.w7fnQI5q',72,null,null);
Insert into TSONG.MSI_USER (USERNAME,PASSWORD,ID,FIRSTNAME,LASTNAME) values ('tengsong2012@gmail.com','$2a$11$dHspH1GskBTs8oDiz4F7aeldD72ttVSZLEk24FV2UoWpqwGJ4WonG',91,'ssss','tttt');
--------------------------------------------------------
--  DDL for Index MSI_USER_PK
--------------------------------------------------------

  CREATE UNIQUE INDEX "TSONG"."MSI_USER_PK" ON "TSONG"."MSI_USER" ("ID") 
  PCTFREE 10 INITRANS 2 MAXTRANS 255 COMPUTE STATISTICS 
  STORAGE(INITIAL 65536 NEXT 1048576 MINEXTENTS 1 MAXEXTENTS 2147483645
  PCTINCREASE 0 FREELISTS 1 FREELIST GROUPS 1 BUFFER_POOL DEFAULT FLASH_CACHE DEFAULT CELL_FLASH_CACHE DEFAULT)
  TABLESPACE "SYSTEM" ;
--------------------------------------------------------
--  DDL for Index MSI_USER_UK1
--------------------------------------------------------

  CREATE UNIQUE INDEX "TSONG"."MSI_USER_UK1" ON "TSONG"."MSI_USER" ("USERNAME") 
  PCTFREE 10 INITRANS 2 MAXTRANS 255 COMPUTE STATISTICS 
  STORAGE(INITIAL 65536 NEXT 1048576 MINEXTENTS 1 MAXEXTENTS 2147483645
  PCTINCREASE 0 FREELISTS 1 FREELIST GROUPS 1 BUFFER_POOL DEFAULT FLASH_CACHE DEFAULT CELL_FLASH_CACHE DEFAULT)
  TABLESPACE "SYSTEM" ;
--------------------------------------------------------
--  DDL for Trigger MSI_USER_TRG
--------------------------------------------------------

  CREATE OR REPLACE TRIGGER "TSONG"."MSI_USER_TRG" 
BEFORE INSERT ON MSI_USER 
FOR EACH ROW 
BEGIN
  <<COLUMN_SEQUENCES>>
  BEGIN
    NULL;
  END COLUMN_SEQUENCES;
END;
/
ALTER TRIGGER "TSONG"."MSI_USER_TRG" ENABLE;
--------------------------------------------------------
--  Constraints for Table MSI_USER
--------------------------------------------------------

  ALTER TABLE "TSONG"."MSI_USER" ADD CONSTRAINT "MSI_USER_UK1" UNIQUE ("USERNAME")
  USING INDEX PCTFREE 10 INITRANS 2 MAXTRANS 255 COMPUTE STATISTICS 
  STORAGE(INITIAL 65536 NEXT 1048576 MINEXTENTS 1 MAXEXTENTS 2147483645
  PCTINCREASE 0 FREELISTS 1 FREELIST GROUPS 1 BUFFER_POOL DEFAULT FLASH_CACHE DEFAULT CELL_FLASH_CACHE DEFAULT)
  TABLESPACE "SYSTEM"  ENABLE;
  ALTER TABLE "TSONG"."MSI_USER" ADD CONSTRAINT "MSI_USER_PK" PRIMARY KEY ("ID")
  USING INDEX PCTFREE 10 INITRANS 2 MAXTRANS 255 COMPUTE STATISTICS 
  STORAGE(INITIAL 65536 NEXT 1048576 MINEXTENTS 1 MAXEXTENTS 2147483645
  PCTINCREASE 0 FREELISTS 1 FREELIST GROUPS 1 BUFFER_POOL DEFAULT FLASH_CACHE DEFAULT CELL_FLASH_CACHE DEFAULT)
  TABLESPACE "SYSTEM"  ENABLE;
  ALTER TABLE "TSONG"."MSI_USER" MODIFY ("ID" NOT NULL ENABLE);
  ALTER TABLE "TSONG"."MSI_USER" MODIFY ("PASSWORD" NOT NULL ENABLE);
  ALTER TABLE "TSONG"."MSI_USER" MODIFY ("USERNAME" NOT NULL ENABLE);

  --------------------------------------------------------
--  File created - Friday-December-01-2017   
--------------------------------------------------------
DROP TABLE "TSONG"."MSI_USER_PROFILE" cascade constraints;
--------------------------------------------------------
--  DDL for Table MSI_USER_PROFILE
--------------------------------------------------------

  CREATE TABLE "TSONG"."MSI_USER_PROFILE" 
   (	"ID" NUMBER, 
	"TYPE" VARCHAR2(100 BYTE)
   ) SEGMENT CREATION IMMEDIATE 
  PCTFREE 10 PCTUSED 40 INITRANS 1 MAXTRANS 255 NOCOMPRESS LOGGING
  STORAGE(INITIAL 65536 NEXT 1048576 MINEXTENTS 1 MAXEXTENTS 2147483645
  PCTINCREASE 0 FREELISTS 1 FREELIST GROUPS 1 BUFFER_POOL DEFAULT FLASH_CACHE DEFAULT CELL_FLASH_CACHE DEFAULT)
  TABLESPACE "SYSTEM" ;
REM INSERTING into TSONG.MSI_USER_PROFILE
SET DEFINE OFF;
Insert into TSONG.MSI_USER_PROFILE (ID,TYPE) values (1,'ROLE_ADMIN');
Insert into TSONG.MSI_USER_PROFILE (ID,TYPE) values (2,'ROLE_USER');
--------------------------------------------------------
--  DDL for Index MSI_USER_PROFILE_PK
--------------------------------------------------------

  CREATE UNIQUE INDEX "TSONG"."MSI_USER_PROFILE_PK" ON "TSONG"."MSI_USER_PROFILE" ("ID") 
  PCTFREE 10 INITRANS 2 MAXTRANS 255 COMPUTE STATISTICS 
  STORAGE(INITIAL 65536 NEXT 1048576 MINEXTENTS 1 MAXEXTENTS 2147483645
  PCTINCREASE 0 FREELISTS 1 FREELIST GROUPS 1 BUFFER_POOL DEFAULT FLASH_CACHE DEFAULT CELL_FLASH_CACHE DEFAULT)
  TABLESPACE "SYSTEM" ;
--------------------------------------------------------
--  DDL for Index MSI_USER_PROFILE_UK1
--------------------------------------------------------

  CREATE UNIQUE INDEX "TSONG"."MSI_USER_PROFILE_UK1" ON "TSONG"."MSI_USER_PROFILE" ("TYPE") 
  PCTFREE 10 INITRANS 2 MAXTRANS 255 COMPUTE STATISTICS 
  STORAGE(INITIAL 65536 NEXT 1048576 MINEXTENTS 1 MAXEXTENTS 2147483645
  PCTINCREASE 0 FREELISTS 1 FREELIST GROUPS 1 BUFFER_POOL DEFAULT FLASH_CACHE DEFAULT CELL_FLASH_CACHE DEFAULT)
  TABLESPACE "SYSTEM" ;
--------------------------------------------------------
--  DDL for Trigger MSI_USER_PROFILE_TRG
--------------------------------------------------------

  CREATE OR REPLACE TRIGGER "TSONG"."MSI_USER_PROFILE_TRG" 
BEFORE INSERT ON MSI_USER_PROFILE 
FOR EACH ROW 
BEGIN
  <<COLUMN_SEQUENCES>>
  BEGIN
    IF INSERTING AND :NEW.ID IS NULL THEN
      SELECT MSI_USER_PROFILE_SEQ.NEXTVAL INTO :NEW.ID FROM SYS.DUAL;
    END IF;
  END COLUMN_SEQUENCES;
END;


/
ALTER TRIGGER "TSONG"."MSI_USER_PROFILE_TRG" ENABLE;
--------------------------------------------------------
--  Constraints for Table MSI_USER_PROFILE
--------------------------------------------------------

  ALTER TABLE "TSONG"."MSI_USER_PROFILE" ADD CONSTRAINT "MSI_USER_PROFILE_UK1" UNIQUE ("TYPE")
  USING INDEX PCTFREE 10 INITRANS 2 MAXTRANS 255 COMPUTE STATISTICS 
  STORAGE(INITIAL 65536 NEXT 1048576 MINEXTENTS 1 MAXEXTENTS 2147483645
  PCTINCREASE 0 FREELISTS 1 FREELIST GROUPS 1 BUFFER_POOL DEFAULT FLASH_CACHE DEFAULT CELL_FLASH_CACHE DEFAULT)
  TABLESPACE "SYSTEM"  ENABLE;
  ALTER TABLE "TSONG"."MSI_USER_PROFILE" ADD CONSTRAINT "MSI_USER_PROFILE_PK" PRIMARY KEY ("ID")
  USING INDEX PCTFREE 10 INITRANS 2 MAXTRANS 255 COMPUTE STATISTICS 
  STORAGE(INITIAL 65536 NEXT 1048576 MINEXTENTS 1 MAXEXTENTS 2147483645
  PCTINCREASE 0 FREELISTS 1 FREELIST GROUPS 1 BUFFER_POOL DEFAULT FLASH_CACHE DEFAULT CELL_FLASH_CACHE DEFAULT)
  TABLESPACE "SYSTEM"  ENABLE;
  ALTER TABLE "TSONG"."MSI_USER_PROFILE" MODIFY ("TYPE" NOT NULL ENABLE);
  ALTER TABLE "TSONG"."MSI_USER_PROFILE" MODIFY ("ID" NOT NULL ENABLE);

  --------------------------------------------------------
--  File created - Friday-December-01-2017   
--------------------------------------------------------
DROP TABLE "TSONG"."MSI_ORDER_PRODUCT" cascade constraints;
--------------------------------------------------------
--  DDL for Table MSI_ORDER_PRODUCT
--------------------------------------------------------

  CREATE TABLE "TSONG"."MSI_ORDER_PRODUCT" 
   (	"ID" NUMBER, 
	"QTY" NUMBER, 
	"ORDER_ID" NUMBER, 
	"PRODUCT_ID" NUMBER, 
	"EMAIL" VARCHAR2(50 BYTE)
   ) SEGMENT CREATION IMMEDIATE 
  PCTFREE 10 PCTUSED 40 INITRANS 1 MAXTRANS 255 NOCOMPRESS LOGGING
  STORAGE(INITIAL 65536 NEXT 1048576 MINEXTENTS 1 MAXEXTENTS 2147483645
  PCTINCREASE 0 FREELISTS 1 FREELIST GROUPS 1 BUFFER_POOL DEFAULT FLASH_CACHE DEFAULT CELL_FLASH_CACHE DEFAULT)
  TABLESPACE "SYSTEM" ;
REM INSERTING into TSONG.MSI_ORDER_PRODUCT
SET DEFINE OFF;
Insert into TSONG.MSI_ORDER_PRODUCT (ID,QTY,ORDER_ID,PRODUCT_ID,EMAIL) values (1,10,1,1,null);
Insert into TSONG.MSI_ORDER_PRODUCT (ID,QTY,ORDER_ID,PRODUCT_ID,EMAIL) values (2,20,1,2,null);
Insert into TSONG.MSI_ORDER_PRODUCT (ID,QTY,ORDER_ID,PRODUCT_ID,EMAIL) values (3,30,1,3,null);
--------------------------------------------------------
--  DDL for Index MSI_ORDER_PRODUCT_PK
--------------------------------------------------------

  CREATE UNIQUE INDEX "TSONG"."MSI_ORDER_PRODUCT_PK" ON "TSONG"."MSI_ORDER_PRODUCT" ("ID") 
  PCTFREE 10 INITRANS 2 MAXTRANS 255 COMPUTE STATISTICS 
  STORAGE(INITIAL 65536 NEXT 1048576 MINEXTENTS 1 MAXEXTENTS 2147483645
  PCTINCREASE 0 FREELISTS 1 FREELIST GROUPS 1 BUFFER_POOL DEFAULT FLASH_CACHE DEFAULT CELL_FLASH_CACHE DEFAULT)
  TABLESPACE "SYSTEM" ;
--------------------------------------------------------
--  DDL for Trigger MSI_ORDER_PRODUCT_TRG
--------------------------------------------------------

  CREATE OR REPLACE TRIGGER "TSONG"."MSI_ORDER_PRODUCT_TRG" 
BEFORE INSERT ON MSI_ORDER_PRODUCT 
FOR EACH ROW 
BEGIN
  <<COLUMN_SEQUENCES>>
  BEGIN
    NULL;
  END COLUMN_SEQUENCES;
END;
/
ALTER TRIGGER "TSONG"."MSI_ORDER_PRODUCT_TRG" ENABLE;
--------------------------------------------------------
--  Constraints for Table MSI_ORDER_PRODUCT
--------------------------------------------------------

  ALTER TABLE "TSONG"."MSI_ORDER_PRODUCT" MODIFY ("ID" NOT NULL ENABLE);
  ALTER TABLE "TSONG"."MSI_ORDER_PRODUCT" MODIFY ("QTY" NOT NULL ENABLE);
  ALTER TABLE "TSONG"."MSI_ORDER_PRODUCT" MODIFY ("ORDER_ID" NOT NULL ENABLE);
  ALTER TABLE "TSONG"."MSI_ORDER_PRODUCT" MODIFY ("PRODUCT_ID" NOT NULL ENABLE);
  ALTER TABLE "TSONG"."MSI_ORDER_PRODUCT" ADD CONSTRAINT "MSI_ORDER_PRODUCT_PK" PRIMARY KEY ("ID")
  USING INDEX PCTFREE 10 INITRANS 2 MAXTRANS 255 COMPUTE STATISTICS 
  STORAGE(INITIAL 65536 NEXT 1048576 MINEXTENTS 1 MAXEXTENTS 2147483645
  PCTINCREASE 0 FREELISTS 1 FREELIST GROUPS 1 BUFFER_POOL DEFAULT FLASH_CACHE DEFAULT CELL_FLASH_CACHE DEFAULT)
  TABLESPACE "SYSTEM"  ENABLE;

  
  --------------------------------------------------------
--  File created - Friday-December-01-2017   
--------------------------------------------------------
DROP TABLE "TSONG"."MSI_USER_MSI_USER_PROFILE" cascade constraints;
DROP TABLE "TSONG"."MSI_USER" cascade constraints;
DROP TABLE "TSONG"."MSI_USER_PROFILE" cascade constraints;
--------------------------------------------------------
--  DDL for Table MSI_USER_MSI_USER_PROFILE
--------------------------------------------------------

  CREATE TABLE "TSONG"."MSI_USER_MSI_USER_PROFILE" 
   (	"ID" NUMBER, 
	"USER_ID" NUMBER, 
	"USER_PROFILE_ID" NUMBER
   ) SEGMENT CREATION IMMEDIATE 
  PCTFREE 10 PCTUSED 40 INITRANS 1 MAXTRANS 255 NOCOMPRESS LOGGING
  STORAGE(INITIAL 65536 NEXT 1048576 MINEXTENTS 1 MAXEXTENTS 2147483645
  PCTINCREASE 0 FREELISTS 1 FREELIST GROUPS 1 BUFFER_POOL DEFAULT FLASH_CACHE DEFAULT CELL_FLASH_CACHE DEFAULT)
  TABLESPACE "SYSTEM" ;
--------------------------------------------------------
--  DDL for Table MSI_USER
--------------------------------------------------------

  CREATE TABLE "TSONG"."MSI_USER" 
   (	"USERNAME" VARCHAR2(100 BYTE), 
	"PASSWORD" VARCHAR2(100 BYTE), 
	"ID" NUMBER, 
	"FIRSTNAME" VARCHAR2(40 BYTE), 
	"LASTNAME" VARCHAR2(40 BYTE)
   ) SEGMENT CREATION IMMEDIATE 
  PCTFREE 10 PCTUSED 40 INITRANS 1 MAXTRANS 255 NOCOMPRESS LOGGING
  STORAGE(INITIAL 65536 NEXT 1048576 MINEXTENTS 1 MAXEXTENTS 2147483645
  PCTINCREASE 0 FREELISTS 1 FREELIST GROUPS 1 BUFFER_POOL DEFAULT FLASH_CACHE DEFAULT CELL_FLASH_CACHE DEFAULT)
  TABLESPACE "SYSTEM" ;
--------------------------------------------------------
--  DDL for Table MSI_USER_PROFILE
--------------------------------------------------------

  CREATE TABLE "TSONG"."MSI_USER_PROFILE" 
   (	"ID" NUMBER, 
	"TYPE" VARCHAR2(100 BYTE)
   ) SEGMENT CREATION IMMEDIATE 
  PCTFREE 10 PCTUSED 40 INITRANS 1 MAXTRANS 255 NOCOMPRESS LOGGING
  STORAGE(INITIAL 65536 NEXT 1048576 MINEXTENTS 1 MAXEXTENTS 2147483645
  PCTINCREASE 0 FREELISTS 1 FREELIST GROUPS 1 BUFFER_POOL DEFAULT FLASH_CACHE DEFAULT CELL_FLASH_CACHE DEFAULT)
  TABLESPACE "SYSTEM" ;
--------------------------------------------------------
--  DDL for Sequence MSI_USER_MSI_USER_PROFILE_SEQ
--------------------------------------------------------

   CREATE SEQUENCE  "TSONG"."MSI_USER_MSI_USER_PROFILE_SEQ"  MINVALUE 1 MAXVALUE 9999999999999999999999999999 INCREMENT BY 1 START WITH 110 CACHE 20 NOORDER  NOCYCLE ;
REM INSERTING into TSONG.MSI_USER_MSI_USER_PROFILE
SET DEFINE OFF;
Insert into TSONG.MSI_USER_MSI_USER_PROFILE (ID,USER_ID,USER_PROFILE_ID) values (1,1,1);
Insert into TSONG.MSI_USER_MSI_USER_PROFILE (ID,USER_ID,USER_PROFILE_ID) values (2,2,1);
Insert into TSONG.MSI_USER_MSI_USER_PROFILE (ID,USER_ID,USER_PROFILE_ID) values (3,3,2);
Insert into TSONG.MSI_USER_MSI_USER_PROFILE (ID,USER_ID,USER_PROFILE_ID) values (10,10,2);
Insert into TSONG.MSI_USER_MSI_USER_PROFILE (ID,USER_ID,USER_PROFILE_ID) values (30,30,2);
Insert into TSONG.MSI_USER_MSI_USER_PROFILE (ID,USER_ID,USER_PROFILE_ID) values (50,50,2);
Insert into TSONG.MSI_USER_MSI_USER_PROFILE (ID,USER_ID,USER_PROFILE_ID) values (90,90,2);
Insert into TSONG.MSI_USER_MSI_USER_PROFILE (ID,USER_ID,USER_PROFILE_ID) values (71,71,2);
Insert into TSONG.MSI_USER_MSI_USER_PROFILE (ID,USER_ID,USER_PROFILE_ID) values (72,72,2);
Insert into TSONG.MSI_USER_MSI_USER_PROFILE (ID,USER_ID,USER_PROFILE_ID) values (91,91,2);
--------------------------------------------------------
--  DDL for Index MSI_USER_MSI_USER_PROFILE_PK
--------------------------------------------------------

  CREATE UNIQUE INDEX "TSONG"."MSI_USER_MSI_USER_PROFILE_PK" ON "TSONG"."MSI_USER_MSI_USER_PROFILE" ("ID") 
  PCTFREE 10 INITRANS 2 MAXTRANS 255 COMPUTE STATISTICS 
  STORAGE(INITIAL 65536 NEXT 1048576 MINEXTENTS 1 MAXEXTENTS 2147483645
  PCTINCREASE 0 FREELISTS 1 FREELIST GROUPS 1 BUFFER_POOL DEFAULT FLASH_CACHE DEFAULT CELL_FLASH_CACHE DEFAULT)
  TABLESPACE "SYSTEM" ;
--------------------------------------------------------
--  DDL for Trigger MSI_USER_MSI_USER_PROFILE_TRG
--------------------------------------------------------

  CREATE OR REPLACE TRIGGER "TSONG"."MSI_USER_MSI_USER_PROFILE_TRG" 
BEFORE INSERT ON MSI_USER_MSI_USER_PROFILE 
FOR EACH ROW 
BEGIN
  <<COLUMN_SEQUENCES>>
  BEGIN
    IF INSERTING AND :NEW.ID IS NULL THEN
      SELECT MSI_USER_MSI_USER_PROFILE_SEQ.NEXTVAL INTO :NEW.ID FROM SYS.DUAL;
    END IF;
  END COLUMN_SEQUENCES;
END;


/
ALTER TRIGGER "TSONG"."MSI_USER_MSI_USER_PROFILE_TRG" ENABLE;
--------------------------------------------------------
--  Constraints for Table MSI_USER_MSI_USER_PROFILE
--------------------------------------------------------

  ALTER TABLE "TSONG"."MSI_USER_MSI_USER_PROFILE" ADD CONSTRAINT "MSI_USER_MSI_USER_PROFILE_PK" PRIMARY KEY ("ID")
  USING INDEX PCTFREE 10 INITRANS 2 MAXTRANS 255 COMPUTE STATISTICS 
  STORAGE(INITIAL 65536 NEXT 1048576 MINEXTENTS 1 MAXEXTENTS 2147483645
  PCTINCREASE 0 FREELISTS 1 FREELIST GROUPS 1 BUFFER_POOL DEFAULT FLASH_CACHE DEFAULT CELL_FLASH_CACHE DEFAULT)
  TABLESPACE "SYSTEM"  ENABLE;
  ALTER TABLE "TSONG"."MSI_USER_MSI_USER_PROFILE" MODIFY ("USER_PROFILE_ID" NOT NULL ENABLE);
  ALTER TABLE "TSONG"."MSI_USER_MSI_USER_PROFILE" MODIFY ("USER_ID" NOT NULL ENABLE);
  ALTER TABLE "TSONG"."MSI_USER_MSI_USER_PROFILE" MODIFY ("ID" NOT NULL ENABLE);
